{"hit rate": 0.3589845299720764, "mmr": 0.00023560432600788772}