{"hit rate": 0.3732645809650421, "mmr": 0.0003344812139403075}