{"hit rate": 0.3710545599460602, "mmr": 0.00037679137312807143}