{"hit rate": 0.3662945628166199, "mmr": 0.0003555825969669968}