{"hit rate": 0.5100017189979553, "mmr": 0.0005030367174185812}