{"hit rate": 0.4922083020210266, "mmr": 0.0004962538951076567}