{
    "Hit-Rate": 0.9800000190734863,
    "MRR": 0.0005124681629240513
}