{
    "Hit-Rate": 0.8105060458183289,
    "MRR": 0.0005588277708739042
}