{
    "Hit-Rate": 0.790729284286499,
    "MRR": 0.0005575650138780475
}