{"hit rate": 0.7599999904632568, "mmr": 0.0004237248213030398}