{
    "Hit-Rate": 0.7626225352287292,
    "MRR": 0.0005572232767008245
}